{
    "name": "root",
    "gauges": {
        "xo.Policy.Entropy.mean": {
            "value": 0.8590863347053528,
            "min": 0.8590863347053528,
            "max": 1.546750545501709,
            "count": 3
        },
        "xo.Policy.Entropy.sum": {
            "value": 859.9454345703125,
            "min": 859.9454345703125,
            "max": 1546.75048828125,
            "count": 3
        },
        "xo.Environment.EpisodeLength.mean": {
            "value": 3.085714285714286,
            "min": 2.8461538461538463,
            "max": 3.085714285714286,
            "count": 3
        },
        "xo.Environment.EpisodeLength.sum": {
            "value": 756.0,
            "min": 740.0,
            "max": 756.0,
            "count": 3
        },
        "xo.Self-play.ELO.mean": {
            "value": 888.466162559003,
            "min": 888.466162559003,
            "max": 1140.2826843502376,
            "count": 3
        },
        "xo.Self-play.ELO.sum": {
            "value": 217674.20982695575,
            "min": 217674.20982695575,
            "max": 296473.4979310618,
            "count": 3
        },
        "xo.Step.mean": {
            "value": 2998.0,
            "min": 997.0,
            "max": 2998.0,
            "count": 3
        },
        "xo.Step.sum": {
            "value": 2998.0,
            "min": 997.0,
            "max": 2998.0,
            "count": 3
        },
        "xo.Policy.ExtrinsicValueEstimate.mean": {
            "value": 0.44979605078697205,
            "min": 0.24303996562957764,
            "max": 0.44979605078697205,
            "count": 3
        },
        "xo.Policy.ExtrinsicValueEstimate.sum": {
            "value": 110.20003509521484,
            "min": 62.947349548339844,
            "max": 110.20003509521484,
            "count": 3
        },
        "xo.Environment.CumulativeReward.mean": {
            "value": 0.7622233156951106,
            "min": 0.5288045955423252,
            "max": 0.7622233156951106,
            "count": 3
        },
        "xo.Environment.CumulativeReward.sum": {
            "value": 186.7447123453021,
            "min": 135.90278105437756,
            "max": 186.7447123453021,
            "count": 3
        },
        "xo.Policy.ExtrinsicReward.mean": {
            "value": 0.7622233156951106,
            "min": 0.5288045955423252,
            "max": 0.7622233156951106,
            "count": 3
        },
        "xo.Policy.ExtrinsicReward.sum": {
            "value": 186.7447123453021,
            "min": 135.90278105437756,
            "max": 186.7447123453021,
            "count": 3
        },
        "xo.Losses.PolicyLoss.mean": {
            "value": 0.1952065104019961,
            "min": 0.1952065104019961,
            "max": 0.20885914048579124,
            "count": 3
        },
        "xo.Losses.PolicyLoss.sum": {
            "value": 1.5616520832159688,
            "min": 1.5616520832159688,
            "max": 1.67087312388633,
            "count": 3
        },
        "xo.Losses.ValueLoss.mean": {
            "value": 0.40900284854606506,
            "min": 0.40900284854606506,
            "max": 0.938434627084505,
            "count": 3
        },
        "xo.Losses.ValueLoss.sum": {
            "value": 3.2720227883685205,
            "min": 3.2720227883685205,
            "max": 7.50747701667604,
            "count": 3
        },
        "xo.Policy.LearningRate.mean": {
            "value": 0.0002992450502516499,
            "min": 0.0002992450502516499,
            "max": 0.0002998353000548999,
            "count": 3
        },
        "xo.Policy.LearningRate.sum": {
            "value": 0.0023939604020131993,
            "min": 0.0023939604020131993,
            "max": 0.0023986824004391992,
            "count": 3
        },
        "xo.Policy.Epsilon.mean": {
            "value": 0.19974835000000002,
            "min": 0.19974835000000002,
            "max": 0.1999451,
            "count": 3
        },
        "xo.Policy.Epsilon.sum": {
            "value": 1.5979868000000002,
            "min": 1.5979868000000002,
            "max": 1.5995608,
            "count": 3
        },
        "xo.Policy.Beta.mean": {
            "value": 0.005000000000000001,
            "min": 0.005000000000000001,
            "max": 0.005000000000000001,
            "count": 3
        },
        "xo.Policy.Beta.sum": {
            "value": 0.04000000000000001,
            "min": 0.04000000000000001,
            "max": 0.04000000000000001,
            "count": 3
        },
        "xo.IsTraining.mean": {
            "value": 1.0,
            "min": 1.0,
            "max": 1.0,
            "count": 3
        },
        "xo.IsTraining.sum": {
            "value": 1.0,
            "min": 1.0,
            "max": 1.0,
            "count": 3
        },
        "xo2.Policy.Entropy.mean": {
            "value": 0.9922261834144592,
            "min": 0.9922261834144592,
            "max": 1.5626579523086548,
            "count": 3
        },
        "xo2.Policy.Entropy.sum": {
            "value": 989.24951171875,
            "min": 989.24951171875,
            "max": 1565.7833251953125,
            "count": 3
        },
        "xo2.Environment.EpisodeLength.mean": {
            "value": 3.0860655737704916,
            "min": 2.8098859315589353,
            "max": 3.0860655737704916,
            "count": 3
        },
        "xo2.Environment.EpisodeLength.sum": {
            "value": 753.0,
            "min": 739.0,
            "max": 753.0,
            "count": 3
        },
        "xo2.Self-play.ELO.mean": {
            "value": 874.5432193717983,
            "min": 874.5432193717983,
            "max": 1128.7471169849641,
            "count": 3
        },
        "xo2.Self-play.ELO.sum": {
            "value": 213388.54552671878,
            "min": 213388.54552671878,
            "max": 296860.4917670456,
            "count": 3
        },
        "xo2.Step.mean": {
            "value": 2996.0,
            "min": 999.0,
            "max": 2996.0,
            "count": 3
        },
        "xo2.Step.sum": {
            "value": 2996.0,
            "min": 999.0,
            "max": 2996.0,
            "count": 3
        },
        "xo2.Policy.ExtrinsicValueEstimate.mean": {
            "value": 0.3312823474407196,
            "min": 0.15851552784442902,
            "max": 0.3682090640068054,
            "count": 3
        },
        "xo2.Policy.ExtrinsicValueEstimate.sum": {
            "value": 80.83289337158203,
            "min": 41.53106689453125,
            "max": 94.26152038574219,
            "count": 3
        },
        "xo2.Environment.CumulativeReward.mean": {
            "value": 0.5729215504204641,
            "min": 0.347971226138468,
            "max": 0.5729215504204641,
            "count": 3
        },
        "xo2.Environment.CumulativeReward.sum": {
            "value": 139.79285830259323,
            "min": 91.16846124827862,
            "max": 139.79285830259323,
            "count": 3
        },
        "xo2.Policy.ExtrinsicReward.mean": {
            "value": 0.5729215504204641,
            "min": 0.347971226138468,
            "max": 0.5729215504204641,
            "count": 3
        },
        "xo2.Policy.ExtrinsicReward.sum": {
            "value": 139.79285830259323,
            "min": 91.16846124827862,
            "max": 139.79285830259323,
            "count": 3
        },
        "xo2.Losses.PolicyLoss.mean": {
            "value": 0.19094109250831287,
            "min": 0.17883210744531383,
            "max": 0.20486858618512216,
            "count": 3
        },
        "xo2.Losses.PolicyLoss.sum": {
            "value": 1.527528740066503,
            "min": 1.4306568595625107,
            "max": 1.6389486894809773,
            "count": 3
        },
        "xo2.Losses.ValueLoss.mean": {
            "value": 0.36557882403333986,
            "min": 0.36557882403333986,
            "max": 0.8111608345948516,
            "count": 3
        },