{
    "xo": {
        "elo": 744.7873683078386,
        "checkpoints": [
            {
                "steps": 3647,
                "file_path": "results/r2/xo/xo-3647.onnx",
                "reward": 0.7886813074350357,
                "creation_time": 1714682344.4977899,
                "auxillary_file_paths": [
                    "results/r2/xo/xo-3647.pt"
                ]
            }
        ],
        "final_checkpoint": {
            "steps": 3647,
            "file_path": "results/r2/xo.onnx",
            "reward": 0.7886813074350357,
            "creation_time": 1714682344.4977899,
            "auxillary_file_paths": [
                "results/r2/xo/xo-3647.pt"
            ]
        }
    },
    "xo2": {
        "elo": 749.0070026354479,
        "checkpoints": [
            {
                "steps": 3646,
                "file_path": "results/r2/xo2/xo2-3646.onnx",
                "reward": 0.945363396092465,
                "creation_time": 1714682344.5385458,
                "auxillary_file_paths": [
                    "results/r2/xo2/xo2-3646.pt"
                ]
            }
        ],
        "final_checkpoint": {
            "steps": 3646,
            "file_path": "results/r2/xo2.onnx",
            "reward": 0.945363396092465,
            "creation_time": 1714682344.5385458,
            "auxillary_file_paths": [
                "results/r2/xo2/xo2-3646.pt"
            ]
        }
    },
    "metadata": {
        "stats_format_version": "0.3.0",
        "mlagents_version": "0.30.0",
        "torch_version": "1.11.0"
    }
}