{
    "name": "root",
    "gauges": {
        "xo.Policy.Entropy.mean": {
            "value": 0.020641036331653595,
            "min": 0.008476132526993752,
            "max": 1.5965631008148193,
            "count": 21
        },
        "xo.Policy.Entropy.sum": {
            "value": 41.385276794433594,
            "min": 16.901409149169922,
            "max": 3183.546875,
            "count": 21
        },
        "xo.Environment.EpisodeLength.mean": {
            "value": 3.4298440979955456,
            "min": 2.4358523725834798,
            "max": 3.5022522522522523,
            "count": 21
        },
        "xo.Environment.EpisodeLength.sum": {
            "value": 1540.0,
            "min": 1386.0,
            "max": 1564.0,
            "count": 21
        },
        "xo.Self-play.ELO.mean": {
            "value": 1267.0266180823312,
            "min": 1192.593049009326,
            "max": 1279.9059548283153,
            "count": 21
        },
        "xo.Self-play.ELO.sum": {
            "value": 286348.0156866069,
            "min": 279678.41397821566,
            "max": 353327.2179140543,
            "count": 21
        },
        "xo.Step.mean": {
            "value": 20998.0,
            "min": 999.0,
            "max": 20998.0,
            "count": 21
        },
        "xo.Step.sum": {
            "value": 20998.0,
            "min": 999.0,
            "max": 20998.0,
            "count": 21
        },
        "xo.Policy.ExtrinsicValueEstimate.mean": {
            "value": 0.5872300267219543,
            "min": 0.18700912594795227,
            "max": 0.7421711087226868,
            "count": 21
        },
        "xo.Policy.ExtrinsicValueEstimate.sum": {
            "value": 132.7139892578125,
            "min": 49.18339920043945,
            "max": 181.83192443847656,
            "count": 21
        },
        "xo.Environment.CumulativeReward.mean": {
            "value": 0.9478859625822675,
            "min": 0.3517663183944307,
            "max": 1.1257798172268472,
            "count": 21
        },
        "xo.Environment.CumulativeReward.sum": {
            "value": 214.22222754359245,
            "min": 92.51454173773527,
            "max": 284.82229375839233,
            "count": 21
        },
        "xo.Policy.ExtrinsicReward.mean": {
            "value": 0.9478859625822675,
            "min": 0.3517663183944307,
            "max": 1.1257798172268472,
            "count": 21
        },
        "xo.Policy.ExtrinsicReward.sum": {
            "value": 214.22222754359245,
            "min": 92.51454173773527,
            "max": 284.82229375839233,
            "count": 21
        },
        "xo.Losses.PolicyLoss.mean": {
            "value": 0.19323853860121398,
            "min": 0.16958259589626412,
            "max": 0.19754461780013072,
            "count": 21
        },
        "xo.Losses.PolicyLoss.sum": {
            "value": 1.5459083088097119,
            "min": 1.356660767170113,
            "max": 1.7779015602011765,
            "count": 21
        },
        "xo.Losses.ValueLoss.mean": {
            "value": 0.018923627073707483,
            "min": 0.002444454924419502,
            "max": 0.8616710993505659,
            "count": 21
        },
        "xo.Losses.ValueLoss.sum": {
            "value": 0.15138901658965986,
            "min": 0.022000094319775516,
            "max": 6.893368794804527,
            "count": 21
        },
        "xo.Policy.LearningRate.mean": {
            "value": 0.00029385450204849996,
            "min": 0.00029385450204849996,
            "max": 0.00029983395005535,
            "count": 21
        },
        "xo.Policy.LearningRate.sum": {
            "value": 0.0023508360163879997,
            "min": 0.0023508360163879997,
            "max": 0.002682432005856,
            "count": 21
        },
        "xo.Policy.Epsilon.mean": {
            "value": 0.1979515,
            "min": 0.1979515,
            "max": 0.19994465,
            "count": 21
        },
        "xo.Policy.Epsilon.sum": {
            "value": 1.583612,
            "min": 1.583612,
            "max": 1.794144,
            "count": 21
        },
        "xo.Policy.Beta.mean": {
            "value": 0.005000000000000001,
            "min": 0.005000000000000001,
            "max": 0.005000000000000001,
            "count": 21
        },
        "xo.Policy.Beta.sum": {
            "value": 0.04000000000000001,
            "min": 0.04000000000000001,
            "max": 0.04500000000000001,
            "count": 21
        },
        "xo.IsTraining.mean": {
            "value": 1.0,
            "min": 1.0,
            "max": 1.0,
            "count": 21
        },
        "xo.IsTraining.sum": {
            "value": 1.0,
            "min": 1.0,
            "max": 1.0,
            "count": 21
        },
        "xo2.Policy.Entropy.mean": {
            "value": 0.05822576582431793,
            "min": 0.03608912602066994,
            "max": 1.5884628295898438,
            "count": 21
        },
        "xo2.Policy.Entropy.sum": {
            "value": 116.85911560058594,
            "min": 72.35869598388672,
            "max": 3189.63330078125,
            "count": 21
        },
        "xo2.Environment.EpisodeLength.mean": {
            "value": 3.407488986784141,
            "min": 2.7388059701492535,
            "max": 3.4832214765100673,
            "count": 21
        },
        "xo2.Environment.EpisodeLength.sum": {
            "value": 1547.0,
            "min": 1442.0,
            "max": 1557.0,
            "count": 21
        },
        "xo2.Self-play.ELO.mean": {
            "value": 1286.9954237141565,
            "min": 1197.9113090181793,
            "max": 1293.6171137769695,
            "count": 21
        },
        "xo2.Self-play.ELO.sum": {
            "value": 292147.9611831135,
            "min": 281232.57054370164,
            "max": 323260.01048849424,
            "count": 21
        },
        "xo2.Step.mean": {
            "value": 20999.0,
            "min": 996.0,
            "max": 20999.0,
            "count": 21
        },
        "xo2.Step.sum": {
            "value": 20999.0,
            "min": 996.0,
            "max": 20999.0,
            "count": 21
        },
        "xo2.Policy.ExtrinsicValueEstimate.mean": {
            "value": 0.6311159133911133,
            "min": 0.1444225162267685,
            "max": 0.817766547203064,
            "count": 21
        },
        "xo2.Policy.ExtrinsicValueEstimate.sum": {
            "value": 143.2633056640625,
            "min": 38.70523452758789,
            "max": 193.8106689453125,
            "count": 21
        },
        "xo2.Environment.CumulativeReward.mean": {
            "value": 0.9797147295154663,
            "min": 0.41100191058062796,
            "max": 1.2126314455509688,
            "count": 21
        },
        "xo2.Environment.CumulativeReward.sum": {
            "value": 222.39524360001087,
            "min": 110.14851203560829,
            "max": 287.3936525955796,
            "count": 21
        },
        "xo2.Policy.ExtrinsicReward.mean": {
            "value": 0.9797147295154663,
            "min": 0.41100191058062796,
            "max": 1.2126314455509688,
            "count": 21
        },
        "xo2.Policy.ExtrinsicReward.sum": {
            "value": 222.39524360001087,
            "min": 110.14851203560829,
            "max": 287.3936525955796,
            "count": 21
        },
        "xo2.Losses.PolicyLoss.mean": {
            "value": 0.17688635463959404,
            "min": 0.17688635463959404,
            "max": 0.2085295690423144,
            "count": 21
        },
        "xo2.Losses.PolicyLoss.sum": {
            "value": 1.4150908371167523,
            "min": 1.4150908371167523,
            "max": 1.7382211328173676,
            "count": 21
        },
        "xo2.Losses.ValueLoss.mean": {
            "value": 0.007811048121116723,
            "min": 0.0020831198636794093,
            "max": 0.8043523769648302,