{
    "name": "root",
    "gauges": {
        "xo.Policy.Entropy.mean": {
            "value": 0.008215651847422123,
            "min": 5.819633588544093e-05,
            "max": 1.5823626518249512,
            "count": 158
        },
        "xo.Policy.Entropy.sum": {
            "value": 16.390226364135742,
            "min": 0.11627627909183502,
            "max": 3156.8134765625,
            "count": 158
        },
        "xo.Environment.EpisodeLength.mean": {
            "value": 2.5,
            "min": 1.5,
            "max": 3.5,
            "count": 158
        },
        "xo.Environment.EpisodeLength.sum": {
            "value": 1425.0,
            "min": 1200.0,
            "max": 1561.0,
            "count": 158
        },
        "xo.Self-play.ELO.mean": {
            "value": 1480.7006671559193,
            "min": 1203.1050781610327,
            "max": 1480.7006671559193,
            "count": 158
        },
        "xo.Self-play.ELO.sum": {
            "value": 421999.690139437,
            "min": 292049.1611695262,
            "max": 573313.8736308687,
            "count": 158
        },
        "xo.Step.mean": {
            "value": 157996.0,
            "min": 996.0,
            "max": 157996.0,
            "count": 158
        },
        "xo.Step.sum": {
            "value": 157996.0,
            "min": 996.0,
            "max": 157996.0,
            "count": 158
        },
        "xo.Policy.ExtrinsicValueEstimate.mean": {
            "value": 0.2731971740722656,
            "min": 0.14884038269519806,
            "max": 0.7094089984893799,
            "count": 158
        },
        "xo.Policy.ExtrinsicValueEstimate.sum": {
            "value": 77.86119079589844,
            "min": 42.5683479309082,
            "max": 180.18988037109375,
            "count": 158
        },
        "xo.Environment.CumulativeReward.mean": {
            "value": 0.4917154529638458,
            "min": 0.31821423649787905,
            "max": 1.0837838602764112,
            "count": 158
        },
        "xo.Environment.CumulativeReward.sum": {
            "value": 140.13890409469604,
            "min": 93.23332118988037,
            "max": 240.6000169813633,
            "count": 158
        },
        "xo.Policy.ExtrinsicReward.mean": {
            "value": 0.4917154529638458,
            "min": 0.31821423649787905,
            "max": 1.0837838602764112,
            "count": 158
        },
        "xo.Policy.ExtrinsicReward.sum": {
            "value": 140.13890409469604,
            "min": 93.23332118988037,
            "max": 240.6000169813633,
            "count": 158
        },
        "xo.Losses.PolicyLoss.mean": {
            "value": 0.17231974836682812,
            "min": 0.14657813563410726,
            "max": 0.2159326144213241,
            "count": 158
        },
        "xo.Losses.PolicyLoss.sum": {
            "value": 1.378557986934625,
            "min": 1.1726250850728581,
            "max": 1.943393529791917,
            "count": 158
        },
        "xo.Losses.ValueLoss.mean": {
            "value": 5.600781862110555e-06,
            "min": 0.0,
            "max": 0.9320458925905681,
            "count": 158
        },
        "xo.Losses.ValueLoss.sum": {
            "value": 4.480625489688444e-05,
            "min": 0.0,
            "max": 7.456367140724545,
            "count": 158
        },
        "xo.Policy.LearningRate.mean": {
            "value": 0.000252753990748675,
            "min": 0.000252753990748675,
            "max": 0.00029983473755508744,
            "count": 158
        },
        "xo.Policy.LearningRate.sum": {
            "value": 0.0020220319259894,
            "min": 0.0020220319259894,
            "max": 0.0026851275049575,
            "count": 158
        },
        "xo.Policy.Epsilon.mean": {
            "value": 0.18425132500000002,
            "min": 0.18425132500000002,
            "max": 0.19994491250000002,
            "count": 158
        },
        "xo.Policy.Epsilon.sum": {
            "value": 1.4740106000000002,
            "min": 1.4740106000000002,
            "max": 1.7950425000000003,
            "count": 158
        },
        "xo.Policy.Beta.mean": {
            "value": 0.005000000000000001,
            "min": 0.005000000000000001,
            "max": 0.005000000000000001,
            "count": 158
        },
        "xo.Policy.Beta.sum": {
            "value": 0.04000000000000001,
            "min": 0.04000000000000001,
            "max": 0.04500000000000001,
            "count": 158
        },
        "xo.IsTraining.mean": {
            "value": 1.0,
            "min": 1.0,
            "max": 1.0,
            "count": 158
        },
        "xo.IsTraining.sum": {
            "value": 1.0,
            "min": 1.0,
            "max": 1.0,
            "count": 158
        }
    },
    "metadata": {
        "timer_format_version": "0.1.0",
        "start_time_seconds": "1714683426",
        "python_version": "3.9.6 (default, Feb  3 2024, 15:58:27) \n[Clang 15.0.0 (clang-1500.3.9.4)]",
        "command_line_arguments": "/Users/mask/.local/share/virtualenvs/config-hr7psOjK/bin/mlagents-learn config.yaml --run-id=r4",
        "mlagents_version": "0.30.0",
        "mlagents_envs_version": "0.30.0",
        "communication_protocol_version": "1.5.0",
        "pytorch_version": "1.11.0",
        "numpy_version": "1.21.2",
        "end_time_seconds": "1714688921"
    },
    "total": 5495.208153417,
    "count": 1,
    "self": 0.008542459000636882,
    "children": {
        "run_training.setup": {
            "total": 0.025546625000000045,
            "count": 1,
            "self": 0.025546625000000045
        },
        "TrainerController.start_learning": {
            "total": 5495.1740643329995,
            "count": 1,
            "self": 4.293651619004777,
            "children": {
                "TrainerController._reset_env": {
                    "total": 8.827371669003838,
                    "count": 158,
                    "self": 8.827371669003838
                },
                "TrainerController.advance": {
                    "total": 5481.9374813779905,
                    "count": 354524,
                    "self": 3.8725570027418144,
                    "children": {
                        "env_step": {
                            "total": 5357.773282921155,
                            "count": 354524,
                            "self": 5194.266267022425,
                            "children": {
                                "SubprocessEnvManager._take_step": {
                                    "total": 160.88790628790088,
                                    "count": 354524,
                                    "self": 7.677360709758204,
                                    "children": {
                                        "TorchPolicy.evaluate": {
                                            "total": 153.21054557814267,
                                            "count": 315820,
                                            "self": 153.21054557814267
                                        }
                                    }
                                },
                                "workers": {
                                    "total": 2.6191096108290344,
                                    "count": 354523,
                                    "self": 0.0,
                                    "children": {
                                        "worker_root": {
                                            "total": 5419.267232952921,
                                            "count": 354523,
                                            "is_parallel": true,
                                            "self": 473.9457723648411,
                                            "children": {
                                                "steps_from_proto": {
                                                    "total": 0.025492582997755697,